equipment_id,equipment_type,facility_id,facility,county,keph_level,criticality,scenario_type,scenario_rationale,avg_utilization_90d,avg_risk_score_90d,max_risk_score_90d,avg_degradation_index_90d,avg_temperature_anomaly_90d,avg_vibration_anomaly_90d,pct_hours_critical_90d,pct_hours_warning_or_worse_90d,total_failures_90d,latest_risk_score,latest_degradation_index,latest_operating_hours,avg_utilization_recent,avg_risk_score_recent,risk_score_trend,utilization_trend,maintenance_interval_days,maintenance_event_count,avg_downtime_hours,total_parts_cost,avg_days_between_maintenance,days_since_last_maintenance,maintenance_overdue,avg_discrepancy_pct,max_discrepancy_pct,std_discrepancy_pct,weeks_observed,weeks_flagged,pct_weeks_flagged,discrepancy_pct_trend,label_maintenance_neglect,label_usage_discrepancy,label_any_failure
ME-00001,MRI,24979.0,Kenyatta University Teaching Refferal and Research Hospital,Nairobi,Level 6,Medium,Normal,No injected scenario; represents routine operating condition.,0.5099148148148148,0.055275000000000005,0.1454,0.0,0.15652435185185185,0.06827300925925925,0.0,0.0,0,0.0278,0.0,6633.99,0.5117893175074184,0.05462195845697329,-0.0006530415430267139,0.0018745026926035857,180,2,0.455,38050.02,7.0,158,False,0.06769285714285714,1.0,0.5266356403030112,14,5,0.35714285714285715,-0.027685494505494526,False,False,False
ME-00002,Hemodialysis,24823.0,LIGHTHOUSE HOSPITAL AND REHABILITATION CENTRE,Uasin Gishu,Level 4,Medium,UsageDiscrepancy,"Usage-reporting discrepancy modeled on the 2026 national MES dialysis audit finding: machine usage counters showed materially more work performed than hospitals' paper registers recorded, by more than 30% in some cases.",0.5071009259259259,0.09443342592592593,0.2398,0.0,0.37207125,0.049309351851851854,0.0,0.0,0,0.0558,0.0,23595.4,0.5002166172106826,0.09315697329376854,-0.0012764526321573932,-0.00688430871524337,180,5,1.78,112107.35,115.75,19,False,0.15722857142857144,0.4049,0.1684436286831771,14,7,0.5,-0.0025037362637362662,False,True,False
ME-00003,X-Ray,13907.0,Nyamekongoroto Health Centre,Migori,Level 3,Critical,Normal,No injected scenario; represents routine operating condition.,0.5061175925925926,0.045546944444444445,0.1178,0.0,0.13367912037037036,0.04937509259259259,0.0,0.0,0,0.0157,0.0,27395.46,0.49889020771513354,0.04552017804154303,-2.6766402901418074e-05,-0.007227384877459053,90,2,5.295,58488.64,488.0,12,False,-0.11190714285714286,0.375,0.49177342729270035,14,3,0.21428571428571427,0.027020879120879155,False,False,False
ME-00004,MRI,12516.0,Meru District hospital,Meru,Level 5,Critical,Normal,No injected scenario; represents routine operating condition.,0.5115759259259259,0.05605638888888889,0.1423,0.0,0.158475,0.06956513888888889,0.0,0.0,0,0.045,0.0,11347.77,0.5119347181008902,0.05507774480712166,-0.0009786440817672326,0.00035879217496426197,60,2,3.7,107398.45,161.0,5,False,0.035949999999999996,1.0,0.49934233016269275,14,3,0.21428571428571427,-0.017948791208791223,False,False,False
ME-00005,CT,24979.0,Kenyatta University Teaching Refferal and Research Hospital,Nairobi,Level 6,High,Normal,No injected scenario; represents routine operating condition.,0.5076814814814815,0.05006592592592592,0.1353,0.0,0.15483472222222222,0.03846884259259259,0.0,0.0,0,0.0257,0.0,5595.8,0.5062255192878339,0.049904451038575666,-0.0001614748873502575,-0.0014559621936476308,60,4,2.7125000000000004,124559.95999999999,106.33333333333333,53,False,0.05044285714285714,1.0,0.3383351108778799,14,3,0.21428571428571427,-0.016515604395604414,False,False,False
ME-00006,Anesthesia,13380.0,Khorof Harar Sub-District Hospital,Wajir,Level 4,Medium,Normal,No injected scenario; represents routine operating condition.,0.5066972222222221,0.03670074074074074,0.0935,0.0,0.11792546296296295,0.05957435185185185,0.0,0.0,0,0.0144,0.0,12877.04,0.5037121661721068,0.0367593471810089,5.860644026815798e-05,-0.0029850560501153423,60,4,4.547499999999999,158724.73,139.33333333333334,145,True,-0.06625714285714285,0.5128,0.2932559441702909,14,2,0.14285714285714285,0.01518593406593408,False,False,False
ME-00007,Ultrasound,11161.0,Wamagana Health Centre,Nyeri,Level 3,Critical,UsageDiscrepancy,"Usage-reporting discrepancy modeled on the 2026 national MES dialysis audit finding: machine usage counters showed materially more work performed than hospitals' paper registers recorded, by more than 30% in some cases.",0.5083435185185184,0.05243111111111111,0.1429,0.0,0.11698634259259258,0.07872787037037036,0.0,0.0,0,0.0399,0.0,6040.72,0.5094094955489614,0.05306083086053412,0.0006297197494230106,0.0010659770304429772,60,2,3.915,78568.45,544.0,164,True,0.17429285714285717,0.3027,0.13692552419408216,14,9,0.6428571428571429,0.0004525274725274594,False,True,False
ME-00008,CT,13023.0,Kenyatta National Hospital,Nairobi,Level 6,Low,UsageDiscrepancy,"Usage-reporting discrepancy modeled on the 2026 national MES dialysis audit finding: machine usage counters showed materially more work performed than hospitals' paper registers recorded, by more than 30% in some cases.",0.5124893518518518,0.05028662037037037,0.1422,0.0,0.15552421296296295,0.038692962962962964,0.0,0.0,0,0.0398,0.0,9273.53,0.5119198813056379,0.05060830860534125,0.0003216882349708766,-0.0005694705462139238,180,3,1.7300000000000002,55424.79,160.5,72,False,0.18145000000000003,0.3903,0.16566517553371132,14,8,0.5714285714285714,-0.004158461538461554,False,True,False
ME-00009,Hemodialysis,21922.0,Jumuia Hospitals Kakamega Clinic,Kakamega,Level 4,High,UsageDiscrepancy,"Usage-reporting discrepancy modeled on the 2026 national MES dialysis audit finding: machine usage counters showed materially more work performed than hospitals' paper registers recorded, by more than 30% in some cases.",0.5071055555555556,0.09459416666666666,0.2606,0.0,0.3715576851851852,0.050955648148148146,0.0,0.0,0,0.0349,0.0,12183.39,0.5086498516320475,0.09467210682492581,7.794015825915435e-05,0.001544296076491869,30,3,3.1299999999999994,77176.45,221.0,9,False,0.13147857142857142,0.2552,0.11916964106536677,14,8,0.5714285714285714,-0.001701758241758247,False,True,False
ME-00010,Ultrasound,23284.0,Saphire Healthcare Nursing Home,Mandera,Level 3,High,Normal,No injected scenario; represents routine operating condition.,0.5066564814814815,0.052254166666666664,0.1404,0.0,0.11736773148148148,0.07747782407407408,0.0,0.0,0,0.046,0.0,17670.56,0.5034658753709199,0.05233204747774481,7.788081107814454e-05,-0.0031906061105615446,30,5,2.694,87537.93,144.0,9,False,0.1024642857142857,1.0,0.3827478756553474,14,2,0.14285714285714285,-0.04492197802197806,False,False,False
ME-00011,X-Ray,13544.0,Endiba Health Centre,Nyamira,Level 3,Medium,Normal,No injected scenario; represents routine operating condition.,0.5086069444444444,0.04563916666666667,0.1204,0.0,0.13333629629629629,0.04959430555555556,0.0,0.0,0,0.0214,0.0,6037.26,0.5091721068249259,0.045921068249258165,0.00028190158259149695,0.0005651623804814321,90,5,2.888,113838.69,146.25,125,True,-0.12424999999999999,1.0,0.7753565837233065,14,4,0.2857142857142857,-0.027058681318681325,False,False,False
ME-00012,Ultrasound,24541.0,Oasis Health Sirare Medical Centre,Migori,Level 3,Low,UsageDiscrepancy+MaintenanceNeglect,"Usage-reporting discrepancy modeled on the 2026 national MES dialysis audit finding: machine usage counters showed materially more work performed than hospitals' paper registers recorded, by more than 30% in some cases. Maintenance-neglect-to-breakdown pattern modeled on the January 2025 Naivasha sub-county hospital dialysis machine breakdown, which forced patients to seek care elsewhere.",0.5106967592592593,0.17680217592592593,1.0,0.1502314814814815,0.1835261111111111,0.21907921296296295,0.02824074074074074,0.09861111111111111,12,0.8069,0.9985,17035.31,0.5075370919881306,0.6650688427299704,0.4882666668040444,-0.0031596672711287077,30,2,2.02,32337.42,80.0,25,False,0.22713571428571427,0.4752,0.2070244043850604,14,8,0.5714285714285714,-0.012659120879120894,True,True,True
ME-00013,X-Ray,24772.0,ChanF Community& Family Health Services,Kajiado,Level 3,Low,UsageDiscrepancy,"Usage-reporting discrepancy modeled on the 2026 national MES dialysis audit finding: machine usage counters showed materially more work performed than hospitals' paper registers recorded, by more than 30% in some cases.",0.509474537037037,0.04579319444444445,0.1206,0.0,0.13262546296296296,0.050129212962962966,0.0,0.0,0,0.012,0.0,8908.21,0.5076023738872404,0.04481186943620178,-0.0009813250082426686,-0.0018721631497966573,180,5,2.5799999999999996,103177.89,45.0,6,False,0.09591428571428572,0.1765,0.07668216979738618,14,6,0.42857142857142855,-0.00906065934065935,False,True,False
ME-00014,Ultrasound,21805.0,Jirani Diagnostic Centre Machakos,Machakos,Level 3,Medium,UsageDiscrepancy,"Usage-reporting discrepancy modeled on the 2026 national MES dialysis audit finding: machine usage counters showed materially more work performed than hospitals' paper registers recorded, by more than 30% in some cases.",0.5088791666666667,0.05220097222222222,0.1288,0.0,0.11763689814814815,0.07864476851851852,0.0,0.0,0,0.0308,0.0,5219.35,0.49777744807121665,0.05098011869436202,-0.001220853527860201,-0.011101718595450005,120,2,4.205,65087.67,165.0,74,False,0.13351428571428572,0.2723,0.11283965381251165,14,7,0.5,-0.011531428571428578,False,True,False
ME-00015,X-Ray,16012.0,Mbale Rural Health Training Centre,Vihiga,Level 3,High,Normal,No injected scenario; represents routine operating condition.,0.5071787037037038,0.04565740740740741,0.1172,0.0,0.1329722685185185,0.04982106481481482,0.0,0.0,0,0.0417,0.0,25790.28,0.5005548961424333,0.04597744807121662,0.0003200406638092096,-0.006623807561270456,60,4,0.845,94807.26,140.33333333333334,133,True,-0.047478571428571426,0.7321,0.3257026278880581,14,1,0.07142857142857142,0.02894923076923078,False,False,False
ME-00016,CT,12867.0,Aga Khan Hospital,Nairobi,Level 5,Medium,Normal,No injected scenario; represents routine operating condition.,0.506612037037037,0.050208888888888886,0.1325,0.0,0.15524310185185186,0.03837217592592593,0.0,0.0,0,0.0164,0.0,15821.83,0.5113679525222552,0.050252522255192875,4.36333663039884e-05,0.004755915485218143,30,5,2.918,184664.1,96.5,132,True,0.02747857142857143,1.0,0.35252555429155974,14,2,0.14285714285714285,-0.0077312087912088075,False,False,False
ME-00017,MRI,25045.0,Mwai Kibaki Teaching and Referral Hospital,Nyeri,Level 6,Medium,Normal,No injected scenario; represents routine operating condition.,0.5060620370370371,0.0550375,0.1706,0.0,0.15562925925925924,0.0682075462962963,0.0,0.0,0,0.0716,0.0,19176.57,0.4974451038575668,0.055634718100890206,0.0005972181008902025,-0.00861693317947032,60,5,0.788,162271.8,82.25,65,True,-0.020028571428571427,0.7169,0.30034452890631463,14,2,0.14285714285714285,0.001305494505494513,False,False,False
ME-00018,Hemodialysis,11411.0,Hola District Hospital,Tana River,Level 4,Low,MaintenanceNeglect,"Maintenance-neglect-to-breakdown pattern modeled on the January 2025 Naivasha sub-county hospital dialysis machine breakdown, which forced patients to seek care elsewhere.",0.5101597222222222,0.33981189814814816,1.0,0.25069444444444444,0.7188569444444445,0.31056083333333334,0.14305555555555555,0.24537037037037038,32,1.0,0.9991,29211.53,0.5160860534124628,0.9125240356083086,0.5727121374601605,0.0059263311902406635,90,1,1.79,28180.99,,166,True,-0.07627142857142857,1.0,0.5770692871725216,14,3,0.21428571428571427,0.04073274725274727,True,False,True
ME-00019,Ultrasound,18761.0,Spa Nursing Home,Kiambu,Level 3,Medium,Normal,No injected scenario; represents routine operating condition.,0.5088787037037038,0.052754861111111113,0.1368,0.0,0.11774944444444443,0.07778449074074074,0.0,0.0,0,0.0218,0.0,8043.8,0.5197181008902078,0.05326557863501484,0.0005107175239037268,0.010839397186503952,180,3,2.4,69360.82999999999,149.5,122,False,-0.27595,1.0,2.149460409480267,14,6,0.42857142857142855,-0.2654512087912089,False,False,False
ME-00020,Anesthesia,25454.0,Mediforte Hospital Limited,Kisii,Level 4,Critical,UsageDiscrepancy,"Usage-reporting discrepancy modeled on the 2026 national MES dialysis audit finding: machine usage counters showed materially more work performed than hospitals' paper registers recorded, by more than 30% in some cases.",0.5124763888888889,0.03706847222222222,0.09,0.0,0.11831333333333334,0.061237037037037034,0.0,0.0,0,0.0354,0.0,9005.59,0.5143412462908011,0.03682551928783383,-0.00024295293438839072,0.0018648574019122233,120,5,3.4840000000000004,142694.9,169.5,98,False,0.09615714285714286,0.2396,0.08951285008126113,14,6,0.42857142857142855,-0.00893626373626374,False,True,False
ME-00021,Hemodialysis,14139.0,Tabaka Mission Hospital,Kisii,Level 5,Low,UsageDiscrepancy+MaintenanceNeglect,"Usage-reporting discrepancy modeled on the 2026 national MES dialysis audit finding: machine usage counters showed materially more work performed than hospitals' paper registers recorded, by more than 30% in some cases. Maintenance-neglect-to-breakdown pattern modeled on the 2025 Kenyatta National Hospital radiotherapy machine failure that disrupted national oncology services.",0.5112888888888889,0.3510626851851852,1.0,0.2622685185185185,0.7338746296296297,0.3210485185185185,0.15138888888888888,0.2550925925925926,35,1.0,0.9991,16318.81,0.5031038575667656,0.9221448071216618,0.5710821219364766,-0.008185031322123337,30,1,2.89,21761.54,,121,True,0.07042857142857142,0.2258,0.0748663160221289,14,3,0.21428571428571427,-0.005159120879120884,True,True,True
ME-00022,Anesthesia,23542.0,St.Marys Mother & Child Hospital (Kiambu Town ),Kiambu,Level 4,Critical,Normal,No injected scenario; represents routine operating condition.,0.5097250000000001,0.03700347222222222,0.0971,0.0,0.11817828703703703,0.061314074074074076,0.0,0.0,0,0.0125,0.0,7265.55,0.5067477744807122,0.03689584569732938,-0.00010762652489284402,-0.0029772255192879182,180,2,3.0,24299.9,18.0,116,False,-0.06692142857142856,0.7109,0.3868607783339981,14,2,0.14285714285714285,0.020706593406593424,False,False,False
ME-00023,Hemodialysis,13380.0,Khorof Harar Sub-District Hospital,Wajir,Level 4,Critical,UsageDiscrepancy,"Usage-reporting discrepancy modeled on the 2026 national MES dialysis audit finding: machine usage counters showed materially more work performed than hospitals' paper registers recorded, by more than 30% in some cases.",0.5089986111111111,0.09502601851851852,0.2418,0.0,0.37676898148148147,0.050173194444444444,0.0,0.0,0,0.0541,0.0,9223.53,0.5104718100890208,0.09496142433234422,-6.459418617429935e-05,0.001473198977909651,30,5,2.966,127070.68999999999,33.25,163,True,0.27895714285714285,0.4217,0.15785708100043544,14,11,0.7857142857142857,0.012239999999999996,False,True,False
ME-00024,X-Ray,14088.0,Simba Opepo Health Centre,Kisumu,Level 3,Low,UsageDiscrepancy,"Usage-reporting discrepancy modeled on the 2026 national MES dialysis audit finding: machine usage counters showed materially more work performed than hospitals' paper registers recorded, by more than 30% in some cases.",0.5054717592592592,0.045117083333333335,0.1183,0.0,0.13227615740740742,0.048509120370370376,0.0,0.0,0,0.0325,0.0,18737.32,0.5050237388724036,0.046010089020771514,0.0008930056874381781,-0.00044802038685565204,30,2,3.8499999999999996,57749.240000000005,130.0,67,True,0.19655,0.4334,0.20531176949290486,14,7,0.5,-0.027353186813186835,False,True,False
ME-00025,X-Ray,22190.0,Kilusi Health Centre,Homa Bay,Level 3,Critical,Normal,No injected scenario; represents routine operating condition.,0.5075611111111111,0.04574768518518518,0.1203,0.0,0.1335261574074074,0.049263425925925926,0.0,0.0,0,0.025,0.0,16792.05,0.50086646884273,0.0459053412462908,0.00015765606110561964,-0.0066946422683811235,60,3,1.93,45344.22,251.5,115,True,0.023092857142857144,0.6569,0.3580750962583681,14,3,0.21428571428571427,0.040335164835164854,False,False,False
ME-00026,X-Ray,13461.0,Abidha Health Centre,Siaya,Level 3,High,MaintenanceNeglect,Maintenance-neglect-to-breakdown pattern modeled on the 2025 Kenyatta National Hospital radiotherapy machine failure that disrupted national oncology services.,0.5109291666666667,0.2667075462962963,0.9801,0.27037037037037037,0.2666583796296296,0.2864950925925926,0.04722222222222222,0.1699074074074074,14,0.9014,0.9991,9715.64,0.5077270029673591,0.7535480712166172,0.48684052492032087,-0.003202163699307592,120,0,,,,5,False,0.040692857142857135,0.86,0.42041633296290715,14,4,0.2857142857142857,-0.02935098901098902,True,False,True
ME-00027,Ultrasound,25723.0,Mimosa Cottage Hospital,Nairobi,Level 3,High,UsageDiscrepancy+MaintenanceNeglect,"Usage-reporting discrepancy modeled on the 2026 national MES dialysis audit finding: machine usage counters showed materially more work performed than hospitals' paper registers recorded, by more than 30% in some cases. Maintenance-neglect-to-breakdown pattern modeled on the MES 125-hospital equipment-halt case, where machines across facilities ground to a halt due to lack of maintenance.",0.5046796296296296,0.27248689814814814,1.0,0.2675925925925926,0.23250189814814815,0.3230585185185185,0.047685185185185185,0.1787037037037037,17,0.9286,0.9991,6106.8,0.5039228486646884,0.7611623145400594,0.4886754163919113,-0.0007567809649412505,60,2,2.3099999999999996,36107.21,191.0,47,False,0.13315000000000002,0.2258,0.09124892201681492,14,8,0.5714285714285714,-0.004205494505494514,True,True,True
ME-00028,Hemodialysis,13841.0,Ndhiwa Sub-District Hospital,Homa Bay,Level 4,Low,UsageDiscrepancy,"Usage-reporting discrepancy modeled on the 2026 national MES dialysis audit finding: machine usage counters showed materially more work performed than hospitals' paper registers recorded, by more than 30% in some cases.",0.5143532407407407,0.095775,0.2531,0.0,0.37869824074074077,0.051047777777777775,0.0,0.0,0,0.0738,0.0,11299.82,0.5071097922848664,0.09444777448071216,-0.0013272255192878363,-0.007243448455874324,30,4,3.11,149215.35,171.66666666666666,37,True,0.14905,0.3559,0.15735935234116455,14,7,0.5,-0.022910109890109907,False,True,False
ME-00029,Ultrasound,14256.0,Biretwa health centre,Elgeyo Marakwet,Level 3,Medium,UsageDiscrepancy,"Usage-reporting discrepancy modeled on the 2026 national MES dialysis audit finding: machine usage counters showed materially more work performed than hospitals' paper registers recorded, by more than 30% in some cases.",0.5110111111111112,0.05295365740740741,0.1563,0.0,0.11830800925925926,0.07833351851851852,0.0,0.0,0,0.036,0.0,17655.72,0.5169910979228487,0.05315430267062315,0.00020064526321574017,0.005979986811737503,30,5,1.9420000000000002,120833.25,99.75,112,True,0.07876428571428572,0.1791,0.08235588444851225,14,4,0.2857142857142857,-0.010480659340659351,False,True,False
ME-00030,Hemodialysis,13798.0,Mbita Sub-County Hospital,Homa Bay,Level 4,Low,Normal,No injected scenario; represents routine operating condition.,0.5096060185185185,0.09531449074074073,0.2501,0.0,0.3762083796296296,0.050679305555555554,0.0,0.0,0,0.0932,0.0,19701.24,0.5157893175074184,0.09543946587537092,0.0001249751346301814,0.00618329898889991,60,3,4.09,66792.38,247.0,170,True,-0.05405714285714286,0.7901,0.5923167405188723,14,4,0.2857142857142857,0.07256351648351651,False,False,False
ME-00031,Ventilator,10491.0,Karen Hospital Annex,Nyeri,Level 4,High,Normal,No injected scenario; represents routine operating condition.,0.5122861111111111,0.03289601851851852,0.0854,0.0,0.09389402777777778,0.05811643518518518,0.0,0.0,0,0.0318,0.0,19564.4,0.5134777448071217,0.032518694362017805,-0.0003773241565007135,0.0011916336960106078,180,3,2.85,84600.01000000001,66.5,44,False,-0.004800000000000011,1.0,0.6321487653539012,14,4,0.2857142857142857,-0.023765274725274742,False,False,False
ME-00032,Patient Monitor,21112.0,Salaam Hospital,Mombasa,Level 3,Critical,MaintenanceNeglect,"Maintenance-neglect-to-breakdown pattern modeled on the MES 125-hospital equipment-halt case, where machines across facilities ground to a halt due to lack of maintenance.",0.5085944444444445,0.1717422222222222,1.0,0.15300925925925926,0.14683069444444444,0.23931902777777775,0.022222222222222223,0.09351851851851851,13,0.8606,0.9985,8853.72,0.504320474777448,0.6536697329376855,0.48192751071546325,-0.004273969666996447,90,0,,,,172,True,0.07662857142857142,1.0,0.38994284675611596,14,4,0.2857142857142857,0.009944175824175833,True,False,True
ME-00033,Hemodialysis,19037.0,Medina Hospital,Garissa,Level 4,Low,Normal,No injected scenario; represents routine operating condition.,0.5069157407407408,0.09508050925925926,0.255,0.0,0.37481736111111114,0.051519027777777775,0.0,0.0,0,0.0592,0.0,25671.94,0.5031543026706231,0.09365103857566766,-0.0014294706835916021,-0.0037614380701176398,30,4,2.2025,208898.44,107.0,-2,False,0.0526,0.2746,0.10157392154712518,14,3,0.21428571428571427,-0.0008061538461538484,False,False,False
ME-00034,Ultrasound,12545.0,Moyale Nursing Home,Marsabit,Level 3,High,Normal,No injected scenario; represents routine operating condition.,0.5110064814814814,0.052615416666666665,0.1435,0.0,0.11818736111111111,0.07904129629629629,0.0,0.0,0,0.0221,0.0,18647.48,0.5149792284866469,0.05321602373887241,0.0006006070722057444,0.003972747005165478,60,5,3.2879999999999994,109619.22,142.0,108,True,-0.09942857142857144,0.4942,0.5269356221495277,14,2,0.14285714285714285,0.02885714285714289,False,False,False
ME-00035,Hemodialysis,24981.0,Glogoh Hospital Limited,Uasin Gishu,Level 4,Medium,Normal,No injected scenario; represents routine operating condition.,0.509474537037037,0.09508606481481481,0.2531,0.0,0.37731328703703704,0.04998560185185186,0.0,0.0,0,0.047,0.0,13139.22,0.5093234421364985,0.09518249258160238,9.642776678757403e-05,-0.0001510949005385509,90,4,3.2199999999999998,32412.5,153.66666666666666,92,True,-0.026292857142857128,0.8,0.45663152198258483,14,4,0.2857142857142857,0.002690329670329659,False,False,False
ME-00036,Ultrasound,15827.0,Bungasi Health Centre,Kakamega,Level 3,Low,UsageDiscrepancy,"Usage-reporting discrepancy modeled on the 2026 national MES dialysis audit finding: machine usage counters showed materially more work performed than hospitals' paper registers recorded, by more than 30% in some cases.",0.510561111111111,0.052878842592592595,0.1302,0.0,0.11759416666666667,0.07893416666666667,0.0,0.0,0,0.0407,0.0,21062.92,0.5140296735905044,0.053603264094955486,0.0007244215023628903,0.003468562479393422,180,4,2.1925,81928.01999999999,160.33333333333334,176,False,0.20357142857142857,0.3759,0.16027915277161536,14,9,0.6428571428571429,-0.01105494505494507,False,True,False
ME-00037,Ventilator,13158.0,Radiant Pangani Hospital,Nairobi,Level 4,Medium,Normal,No injected scenario; represents routine operating condition.,0.5091467592592593,0.033061851851851856,0.0859,0.0,0.0938975,0.05819199074074074,0.0,0.0,0,0.0159,0.0,4804.42,0.5042106824925816,0.03202462908011869,-0.0010372227717331678,-0.004936076766677733,30,3,3.26,40328.08,276.0,78,True,-0.22767142857142855,0.4275,0.6545126530228679,14,1,0.07142857142857142,0.052293626373626424,False,False,False
ME-00038,MRI,12004.0,Embu Provincial General Hospital,Embu,Level 5,Critical,Normal,No injected scenario; represents routine operating condition.,0.5086888888888889,0.05539712962962963,0.1385,0.0,0.1571600925925926,0.06812106481481482,0.0,0.0,0,0.0666,0.0,7711.9,0.5160356083086053,0.05645222551928784,0.0010550958896582072,0.00734671941971643,90,4,1.8725,77381.29000000001,119.66666666666667,1,False,0.31410714285714286,1.0,0.49900402567250157,14,6,0.42857142857142855,-0.05878351648351654,False,False,False
ME-00039,MRI,12004.0,Embu Provincial General Hospital,Embu,Level 5,Low,Normal,No injected scenario; represents routine operating condition.,0.5106287037037037,0.05532523148148148,0.1424,0.0,0.15606162037037036,0.06926976851851853,0.0,0.0,0,0.0314,0.0,14904.64,0.5146498516320475,0.056224925816023744,0.0008996943345422614,0.004021147928343738,90,4,3.255,79973.51,240.66666666666666,59,False,0.0432,1.0,0.3199560330372332,14,2,0.14285714285714285,-0.020896703296703303,False,False,False
ME-00040,Hemodialysis,22934.0,Mazira Memorial Hospital,Kajiado,Level 4,Critical,Normal,No injected scenario; represents routine operating condition.,0.5068587962962964,0.0952062962962963,0.286,0.0,0.37104467592592594,0.050027314814814816,0.0,0.0,0,0.0358,0.0,6315.4,0.5099139465875371,0.09708100890207715,0.0018747126057808428,0.0030551502912407047,120,4,3.4125,102548.75,213.66666666666666,54,False,0.06484999999999999,1.0,0.4180535183810432,14,4,0.2857142857142857,-0.05423010989010992,False,False,False
ME-00041,Ventilator,12605.0,Mutuati Sub-District Hospital,Meru,Level 4,Low,Normal,No injected scenario; represents routine operating condition.,0.5070717592592593,0.033076944444444444,0.0888,0.0,0.09354916666666667,0.05837064814814815,0.0,0.0,0,0.0112,0.0,5894.43,0.5046290801186943,0.03309821958456973,2.1275140125287528e-05,-0.0024426791405649517,180,3,1.78,87162.35999999999,12.0,11,False,0.04887142857142857,1.0,0.4023417002204267,14,2,0.14285714285714285,-0.032831208791208814,False,False,False
ME-00042,X-Ray,10490.0,Karemeno Health Centre,Nyeri,Level 3,High,MaintenanceNeglect,"Maintenance-neglect-to-breakdown pattern modeled on the MES 125-hospital equipment-halt case, where machines across facilities ground to a halt due to lack of maintenance.",0.5083398148148147,0.2642124537037037,0.9682,0.269212962962963,0.2639125925925926,0.28181236111111113,0.041666666666666664,0.17175925925925925,21,0.7098,0.9991,5207.75,0.5167833827893176,0.7440100890207715,0.47979763531706776,0.008443567974502852,30,0,,,,3,False,-0.22811428571428571,0.1451,0.4813074434961869,14,0,0.0,0.03536923076923082,True,False,True
ME-00043,CT,13074.0,The Mater Misericordiae Hospital,Nairobi,Level 5,Low,Normal,No injected scenario; represents routine operating condition.,0.5092157407407407,0.04986222222222222,0.1312,0.0,0.15579425925925927,0.038203888888888884,0.0,0.0,0,0.0483,0.0,23381.78,0.5087685459940653,0.04999881305637982,0.00013659083415760304,-0.0004471947466754278,60,2,0.585,39518.71,289.0,86,True,0.03162142857142856,1.0,0.3576718826792801,14,4,0.2857142857142857,0.014415604395604405,False,False,False
ME-00044,CT,25719.0,The white cresent Hospital,Nandi,Level 5,Medium,UsageDiscrepancy,"Usage-reporting discrepancy modeled on the 2026 national MES dialysis audit finding: machine usage counters showed materially more work performed than hospitals' paper registers recorded, by more than 30% in some cases.",0.5090472222222222,0.050710185185185185,0.1324,0.0,0.15829453703703703,0.03889074074074074,0.0,0.0,0,0.0391,0.0,25584.92,0.5089614243323443,0.05087566765578635,0.00016548247060116372,-8.579788987794768e-05,60,4,4.12,140800.45,125.66666666666667,89,True,0.23539285714285715,0.407,0.18419040092037584,14,9,0.6428571428571429,-0.00824329670329671,False,True,False
ME-00045,Patient Monitor,13068.0,Marie Stopes Nursing Home (Eastleigh),Nairobi,Level 3,Critical,UsageDiscrepancy,"Usage-reporting discrepancy modeled on the 2026 national MES dialysis audit finding: machine usage counters showed materially more work performed than hospitals' paper registers recorded, by more than 30% in some cases.",0.5089486111111111,0.0477825,0.1154,0.0,0.09455439814814816,0.09319439814814816,0.0,0.0,0,0.0244,0.0,6885.31,0.5190979228486647,0.047932344213649856,0.0001498442136498579,0.010149311737553623,90,2,1.24,13854.58,49.0,111,True,0.1488,0.4179,0.1802998997397221,14,6,0.42857142857142855,-0.014140219780219798,False,True,False
ME-00046,X-Ray,12166.0,Kamutei Health Centre,Kitui,Level 3,Low,UsageDiscrepancy+MaintenanceNeglect,"Usage-reporting discrepancy modeled on the 2026 national MES dialysis audit finding: machine usage counters showed materially more work performed than hospitals' paper registers recorded, by more than 30% in some cases. Maintenance-neglect-to-breakdown pattern modeled on the 2025 Kenyatta National Hospital radiotherapy machine failure that disrupted national oncology services.",0.5103638888888888,0.25615916666666666,1.0,0.2585648148148148,0.26365856481481487,0.2734676388888889,0.03981481481481482,0.16203703703703703,17,0.7554,0.9991,4562.33,0.5181632047477746,0.7429293768545994,0.4867702101879327,0.007799315858885714,120,2,1.74,11094.25,561.0,112,False,0.26665,0.5122,0.18268437156851872,14,10,0.7142857142857143,0.00234351648351647,True,True,True
ME-00047,MRI,10539.0,Kiambu County Referal Hospital,Kiambu,Level 5,Medium,Normal,No injected scenario; represents routine operating condition.,0.5101111111111111,0.05504,0.1428,0.0,0.1562499537037037,0.06868550925925926,0.0,0.0,0,0.0195,0.0,27910.84,0.4989970326409496,0.05427121661721068,-0.0007687833827893162,-0.011114078470161493,60,3,0.9366666666666666,66998.76,289.0,84,True,-0.13400714285714285,0.5981,0.6238551230537741,14,4,0.2857142857142857,-0.04121384615384616,False,False,False
ME-00048,Hemodialysis,16091.0,Port Victoria Hospital,Busia,Level 4,High,MaintenanceNeglect,Maintenance-neglect-to-breakdown pattern modeled on the 2025 Kenyatta National Hospital radiotherapy machine failure that disrupted national oncology services.,0.5059245370370371,0.36415796296296293,1.0,0.274537037037037,0.7534049537037038,0.33520800925925925,0.16203703703703703,0.2671296296296296,32,1.0,0.9992,29343.09,0.4977329376854599,0.9272504451038576,0.5630924821408947,-0.008191599351577206,30,0,,,,82,True,-0.11457857142857142,0.2217,0.29555361918472056,14,1,0.07142857142857142,0.011230549450549463,True,False,True
ME-00049,CT,13074.0,The Mater Misericordiae Hospital,Nairobi,Level 5,High,UsageDiscrepancy,"Usage-reporting discrepancy modeled on the 2026 national MES dialysis audit finding: machine usage counters showed materially more work performed than hospitals' paper registers recorded, by more than 30% in some cases.",0.5074111111111111,0.05041574074074074,0.1322,0.0,0.15512134259259258,0.038920416666666666,0.0,0.0,0,0.0221,0.0,28662.16,0.507646884272997,0.05161691394658754,0.0012011732058467978,0.00023577316188583275,180,4,2.255,37117.39,120.66666666666667,48,False,0.26007142857142856,0.4649,0.20429059027455293,14,9,0.6428571428571429,-0.02081054945054947,False,True,False
ME-00050,Hemodialysis,20834.0,Mount Olive Sinai Hospital,Kajiado,Level 4,Critical,MaintenanceNeglect,"Maintenance-neglect-to-breakdown pattern modeled on the January 2025 Naivasha sub-county hospital dialysis machine breakdown, which forced patients to seek care elsewhere.",0.5074421296296296,0.29118726851851856,1.0,0.20092592592592592,0.6515750462962963,0.25552717592592594,0.11296296296296296,0.19537037037037036,26,1.0,0.9988,2286.9,0.5135163204747775,0.8804676557863501,0.5892803872678316,0.00607419084514782,30,0,,,,111,True,-0.02439285714285714,0.5,0.25972879779992325,14,2,0.14285714285714285,-0.02019934065934067,True,False,True
ME-00051,CT,15915.0,Kakamega County General Hospital,Kakamega,Level 5,Critical,UsageDiscrepancy,"Usage-reporting discrepancy modeled on the 2026 national MES dialysis audit finding: machine usage counters showed materially more work performed than hospitals' paper registers recorded, by more than 30% in some cases.",0.5110157407407407,0.05012606481481482,0.1267,0.0,0.1580696759259259,0.03824490740740741,0.0,0.0,0,0.0137,0.0,17776.07,0.5087477744807122,0.050308902077151336,0.00018283726233651876,-0.0022679662600285644,30,5,1.268,63657.299999999996,133.5,25,False,0.1680857142857143,0.45,0.20326991096396116,14,6,0.42857142857142855,-0.02473318681318682,False,True,False
ME-00052,MRI,25719.0,The white cresent Hospital,Nandi,Level 5,Medium,Normal,No injected scenario; represents routine operating condition.,0.5094236111111111,0.05543083333333333,0.1496,0.0,0.15693444444444446,0.06853430555555555,0.0,0.0,0,0.0226,0.0,1072.54,0.5036083086053412,0.05440029673590504,-0.001030536597428293,-0.005815302505769893,180,4,3.055,97850.29,126.66666666666667,134,False,-0.022350000000000002,1.0,0.4351721140493194,14,2,0.14285714285714285,0.01451846153846156,False,False,False
ME-00053,CT,10539.0,Kiambu County Referal Hospital,Kiambu,Level 5,Low,Normal,No injected scenario; represents routine operating condition.,0.5078162037037037,0.04997069444444444,0.1457,0.0,0.1552337037037037,0.03876171296296296,0.0,0.0,0,0.0231,0.0,21438.22,0.5094480712166172,0.05090890207715134,0.0009382076327068972,0.001631867512913443,90,4,3.235,123550.68,225.33333333333334,65,False,-0.048785714285714286,0.4453,0.1970700299469625,14,1,0.07142857142857142,0.022740659340659348,False,False,False
ME-00054,Anesthesia,15761.0,Unilever Central Hospital,Kericho,Level 4,High,Normal,No injected scenario; represents routine operating condition.,0.5083171296296296,0.03686087962962963,0.0959,0.0,0.11703023148148148,0.06095523148148148,0.0,0.0,0,0.0279,0.0,22877.67,0.5127032640949555,0.03690979228486647,4.891265523683519e-05,0.004386134465325875,120,3,1.5133333333333334,72216.87,37.0,67,False,-0.10364999999999999,0.1,0.293849767345885,14,0,0.0,-0.0021369230769230693,False,False,False
ME-00055,CT,13194.0,National Spinal Injury Hospital,Nairobi,Level 6,Critical,UsageDiscrepancy,"Usage-reporting discrepancy modeled on the 2026 national MES dialysis audit finding: machine usage counters showed materially more work performed than hospitals' paper registers recorded, by more than 30% in some cases.",0.5083967592592592,0.05034814814814815,0.1403,0.0,0.1567521759259259,0.03842685185185185,0.0,0.0,0,0.0205,0.0,7321.29,0.4995786350148368,0.04957002967359051,-0.0007781184745576375,-0.00881812424442241,120,2,1.7349999999999999,27097.17,356.0,106,False,0.19644285714285714,0.3561,0.15710633201892138,14,9,0.6428571428571429,-0.0033789010989011053,False,True,False
ME-00056,X-Ray,22967.0,Vital Solutions Health Centre,Narok,Level 3,High,UsageDiscrepancy,"Usage-reporting discrepancy modeled on the 2026 national MES dialysis audit finding: machine usage counters showed materially more work performed than hospitals' paper registers recorded, by more than 30% in some cases.",0.5099055555555555,0.04614856481481481,0.1287,0.0,0.13490194444444445,0.050756064814814816,0.0,0.0,0,0.0247,0.0,18989.73,0.5073857566765578,0.04522255192878338,-0.0009260128860314257,-0.00251979887899767,30,3,2.5333333333333337,48040.19,77.5,61,True,0.06752142857142858,0.2408,0.09735292005870211,14,4,0.2857142857142857,-0.008528131868131875,False,True,False
ME-00057,Ultrasound,12668.0,North Horr Health Centre,Marsabit,Level 3,Critical,UsageDiscrepancy,"Usage-reporting discrepancy modeled on the 2026 national MES dialysis audit finding: machine usage counters showed materially more work performed than hospitals' paper registers recorded, by more than 30% in some cases.",0.5071592592592592,0.0522637037037037,0.1457,0.0,0.11628537037037037,0.07755675925925927,0.0,0.0,0,0.0292,0.0,11596.49,0.5100415430267062,0.05252611275964392,0.0002624090559402159,0.002882283767447036,120,4,2.615,126481.17,157.33333333333334,171,True,0.2084,0.2782,0.09082711387787579,14,12,0.8571428571428571,-0.0073151648351648495,False,True,False
ME-00058,MRI,24979.0,Kenyatta University Teaching Refferal and Research Hospital,Nairobi,Level 6,High,UsageDiscrepancy,"Usage-reporting discrepancy modeled on the 2026 national MES dialysis audit finding: machine usage counters showed materially more work performed than hospitals' paper registers recorded, by more than 30% in some cases.",0.5087384259259259,0.06726907407407408,0.2291,0.0,0.1555725925925926,0.06921189814814815,0.0,0.0,0,0.1425,0.0,22633.29,0.5061424332344213,0.1327,0.06543092592592593,-0.0025959926915045672,30,3,2.5466666666666664,147199.69,327.5,175,True,0.22038571428571427,0.3548,0.1239031747103225,14,11,0.7857142857142857,-0.012523076923076937,False,True,False
ME-00059,Ventilator,21676.0,RAPHA HOSPITAL -MAKUENI,Makueni,Level 4,Medium,MaintenanceNeglect,"Maintenance-neglect-to-breakdown pattern modeled on the January 2025 Naivasha sub-county hospital dialysis machine breakdown, which forced patients to seek care elsewhere.",0.5069430555555556,0.15860657407407405,0.9404,0.15856481481481483,0.14892092592592593,0.20798050925925926,0.0125,0.09166666666666666,14,0.7507,0.9985,11200.53,0.49496439169139467,0.6303994065281899,0.47179283245411585,-0.011978663864160966,60,2,0.0,45271.21000000001,414.0,89,True,-0.00848571428571428,1.0,0.3724103069240924,14,2,0.14285714285714285,0.0005019780219780325,True,False,True
ME-00060,Hemodialysis,18005.0,South B Hospital Ltd,Nairobi,Level 4,Critical,UsageDiscrepancy+MaintenanceNeglect,"Usage-reporting discrepancy modeled on the 2026 national MES dialysis audit finding: machine usage counters showed materially more work performed than hospitals' paper registers recorded, by more than 30% in some cases. Maintenance-neglect-to-breakdown pattern modeled on the January 2025 Naivasha sub-county hospital dialysis machine breakdown, which forced patients to seek care elsewhere.",0.5077356481481482,0.25961245370370367,1.0,0.16828703703703704,0.6074023148148149,0.22217310185185185,0.09537037037037037,0.16435185185185186,23,1.0,0.9986,28870.21,0.5070089020771513,0.8445504451038576,0.5849379914001539,-0.0007267460709968754,30,0,,,,94,True,0.08584285714285714,0.2837,0.12154269724153421,14,5,0.35714285714285715,-0.01620967032967034,True,True,True
ME-00061,Ventilator,14294.0,Chebiemit District Hospital,Elgeyo Marakwet,Level 4,Critical,Normal,No injected scenario; represents routine operating condition.,0.5081064814814815,0.03281537037037038,0.0882,0.0,0.09338662037037038,0.057749999999999996,0.0,0.0,0,0.0127,0.0,13599.68,0.5061275964391692,0.03336261127596439,0.0005472409055940139,-0.0019788850423123616,120,3,4.88,95466.95,124.5,32,False,-0.14759285714285714,1.0,0.8656037274769433,14,4,0.2857142857142857,0.08612153846153851,False,False,False
ME-00062,MRI,15288.0,Nakuru Provincial General Hospital,Nakuru,Level 5,Critical,Normal,No injected scenario; represents routine operating condition.,0.5132847222222222,0.05567592592592593,0.1505,0.0,0.1576773611111111,0.06946597222222223,0.0,0.0,0,0.0335,0.0,8209.67,0.5137181008902076,0.05653056379821958,0.0008546378722936523,0.000433378667985429,60,3,2.02,65266.74,300.5,132,True,-0.4944928571428572,1.0,2.6859310136235917,14,4,0.2857142857142857,0.2203004395604397,False,False,False
ME-00063,Hemodialysis,13298.0,Balambala Sub-District Hospital,Garissa,Level 4,High,UsageDiscrepancy,"Usage-reporting discrepancy modeled on the 2026 national MES dialysis audit finding: machine usage counters showed materially more work performed than hospitals' paper registers recorded, by more than 30% in some cases.",0.5080115740740742,0.09421453703703704,0.2612,0.0,0.3725210648148148,0.05132287037037037,0.0,0.0,0,0.0493,0.0,5391.15,0.5072967359050445,0.0945299703264095,0.0003154332893724604,-0.000714838169029619,120,2,0.93,65935.97,370.0,53,False,0.23290000000000002,0.4481,0.21020466949362251,14,8,0.5714285714285714,-0.022127472527472544,False,True,False
ME-00064,X-Ray,16438.0,Kyeleni Health Centre,Machakos,Level 3,Critical,Normal,No injected scenario; represents routine operating condition.,0.5095152777777778,0.045280925925925926,0.1198,0.0,0.1318513425925926,0.04899805555555556,0.0,0.0,0,0.0417,0.0,15636.93,0.5135341246290801,0.046037091988130566,0.0007561660622046398,0.004018846851302271,60,2,5.2,80593.51999999999,111.0,154,True,-0.14327857142857142,0.0346,0.356423773657947,14,0,0.0,0.04764241758241759,False,False,False
ME-00065,Ultrasound,20565.0,Olkaria Community Health Centre(Naivasha),Nakuru,Level 3,Critical,Normal,No injected scenario; represents routine operating condition.,0.508825,0.05246583333333334,0.1436,0.0,0.11689018518518518,0.07840953703703704,0.0,0.0,0,0.0287,0.0,26132.66,0.5102700296735906,0.05281513353115727,0.0003493001978239346,0.0014450296735906143,180,4,2.5825,130411.4,89.0,153,False,0.0626,0.8545,0.32942442345586764,14,2,0.14285714285714285,-0.014437362637362642,False,False,False
ME-00066,Ventilator,23674.0,Sori Lakeside Hospital Annex-Nyatike,Migori,Level 4,Medium,Normal,No injected scenario; represents routine operating condition.,0.5095583333333333,0.033054259259259255,0.086,0.0,0.09416097222222222,0.05783837962962963,0.0,0.0,0,0.021,0.0,24411.4,0.5120623145400593,0.03282818991097923,-0.00022606934828002523,0.0025039812067260137,90,5,2.2039999999999997,73403.72,163.25,117,True,0.04266428571428572,0.7859,0.2398352595080563,14,2,0.14285714285714285,-0.01068549450549451,False,False,False
ME-00067,MRI,13074.0,The Mater Misericordiae Hospital,Nairobi,Level 5,Medium,Normal,No injected scenario; represents routine operating condition.,0.506738425925926,0.054712407407407404,0.1449,0.0,0.15431541666666668,0.06797856481481482,0.0,0.0,0,0.0364,0.0,5568.58,0.5052937685459941,0.05415430267062315,-0.0005581047367842554,-0.001444657379931935,60,5,3.112,131631.98,142.25,69,True,0.16904285714285713,1.0,0.3274617363772579,14,5,0.35714285714285715,-0.033286153846153875,False,False,False
ME-00068,CT,25045.0,Mwai Kibaki Teaching and Referral Hospital,Nyeri,Level 6,High,MaintenanceNeglect,"Maintenance-neglect-to-breakdown pattern modeled on the MES 125-hospital equipment-halt case, where machines across facilities ground to a halt due to lack of maintenance.",0.5080337962962963,0.1485452314814815,1.0,0.1162037037037037,0.2231760648148148,0.14524486111111112,0.02638888888888889,0.08055555555555556,10,0.9114,0.998,14620.96,0.5013679525222552,0.6127928783382789,0.4642476468567974,-0.006665843774041114,120,0,,,,40,False,-0.2889285714285714,1.0,0.9679726437874571,14,4,0.2857142857142857,-0.00985362637362636,True,False,True
ME-00069,Ultrasound,17661.0,Mutethia Kiraone Nursing Home,Meru,Level 3,Critical,Normal,No injected scenario; represents routine operating condition.,0.5057935185185185,0.05250773148148148,0.1283,0.0,0.11634027777777778,0.0785186574074074,0.0,0.0,0,0.0252,0.0,28324.36,0.5012700296735905,0.05212878338278931,-0.0003789480986921695,-0.004523488844928036,120,3,0.9766666666666666,77919.92,178.0,16,False,-0.0009357142857142847,1.0,0.35386691024286965,14,3,0.21428571428571427,0.010953626373626384,False,False,False
ME-00070,X-Ray,12921.0,Dorkcare Nursing Home,Nairobi,Level 4,Critical,Normal,No injected scenario; represents routine operating condition.,0.5053060185185185,0.04581722222222222,0.1153,0.0,0.1327237037037037,0.049552962962962965,0.0,0.0,0,0.0242,0.0,29095.17,0.5026854599406528,0.04525103857566765,-0.0005661836465545647,-0.002620558577865695,180,2,2.4299999999999997,12391.7,52.0,41,False,0.06835714285714285,0.413,0.1317095797829201,14,3,0.21428571428571427,-0.019768351648351657,False,False,False
ME-00071,Ultrasound,14781.0,Kapteren Health Centre,Elgeyo Marakwet,Level 3,Medium,UsageDiscrepancy,"Usage-reporting discrepancy modeled on the 2026 national MES dialysis audit finding: machine usage counters showed materially more work performed than hospitals' paper registers recorded, by more than 30% in some cases.",0.5083666666666666,0.05289,0.1369,0.0,0.11679486111111112,0.07951157407407408,0.0,0.0,0,0.0303,0.0,28990.19,0.5064955489614243,0.05312077151335312,0.00023077151335312157,-0.0018711177052422867,120,5,2.762,204257.79,85.0,128,True,0.1884357142857143,0.3071,0.12795203192027654,14,10,0.7142857142857143,-0.0014142857142857247,False,True,False
ME-00072,MRI,12438.0,Machakos County Referral Hospital,Machakos,Level 5,Medium,UsageDiscrepancy+MaintenanceNeglect,"Usage-reporting discrepancy modeled on the 2026 national MES dialysis audit finding: machine usage counters showed materially more work performed than hospitals' paper registers recorded, by more than 30% in some cases. Maintenance-neglect-to-breakdown pattern modeled on the January 2025 Naivasha sub-county hospital dialysis machine breakdown, which forced patients to seek care elsewhere.",0.5113745370370371,0.24732064814814814,1.0,0.22824074074074074,0.2890652314814815,0.27483375,0.055092592592592596,0.16157407407407406,25,0.863,0.999,22953.5,0.510620178041543,0.7548240356083086,0.5075033874601604,-0.0007543589954940311,120,2,0.865,24930.14,272.0,76,False,0.2817928571428571,0.4583,0.18715644407938392,14,10,0.7142857142857143,-0.010929010989011003,True,True,True
ME-00073,Patient Monitor,13551.0,Etono Health Centre,Nyamira,Level 3,Low,Normal,No injected scenario; represents routine operating condition.,0.5085300925925925,0.04776023148148148,0.1214,0.0,0.09474074074074074,0.09255995370370369,0.0,0.0,0,0.0258,0.0,20421.62,0.5121632047477744,0.04731632047477745,-0.0004439110067040314,0.0036331121551819168,180,2,0.0,45071.92,59.0,156,False,-0.02770714285714285,1.0,0.4533694595670642,14,2,0.14285714285714285,0.017060879120879124,False,False,False
ME-00074,Hemodialysis,22879.0,ATIMIROS MEMORIAL,Uasin Gishu,Level 4,High,Normal,No injected scenario; represents routine operating condition.,0.5050314814814815,0.09456675925925925,0.2365,0.0,0.37157976851851854,0.05010453703703704,0.0,0.0,0,0.0528,0.0,6968.97,0.4993442136498516,0.09509495548961423,0.0005281962303549798,-0.005687267831629872,30,4,3.6950000000000003,125692.11,163.66666666666666,154,True,0.20563571428571428,1.0,0.36971925649927084,14,3,0.21428571428571427,-0.04614000000000004,False,False,False
ME-00075,CT,11289.0,Coast General Teaching and Referral Hospital,Mombasa,Level 5,High,MaintenanceNeglect,Maintenance-neglect-to-breakdown pattern modeled on the 2025 Kenyatta National Hospital radiotherapy machine failure that disrupted national oncology services.,0.5067930555555555,0.2603067592592593,1.0,0.24953703703703703,0.30074249999999997,0.26566532407407406,0.060648148148148145,0.17175925925925925,23,0.8313,0.9991,25966.07,0.5105845697329378,0.7662074183976262,0.5059006591383669,0.003791514177382216,120,0,,,,55,False,-0.051185714285714286,0.25,0.2565109560027613,14,2,0.14285714285714285,0.03142241758241761,True,False,True
ME-00076,Anesthesia,12547.0,Mtito andei Sub County Hospital,Makueni,Level 4,Low,MaintenanceNeglect,Maintenance-neglect-to-breakdown pattern modeled on the 2025 Kenyatta National Hospital radiotherapy machine failure that disrupted national oncology services.,0.509323611111111,0.21721000000000001,0.9242,0.22847222222222222,0.21275939814814815,0.2637625,0.021296296296296296,0.13055555555555556,14,0.7296,0.999,1660.76,0.5068961424332344,0.6930089020771514,0.47579890207715136,-0.0024274686778765764,180,0,,,,58,False,0.1103857142857143,1.0,0.3064668606934471,14,3,0.21428571428571427,-0.026764835164835184,True,False,True
ME-00077,Patient Monitor,24947.0,Myanga Nursing HomeAnnex,Bungoma,Level 4,Low,Normal,No injected scenario; represents routine operating condition.,0.5072333333333333,0.04769912037037037,0.1234,0.0,0.09296282407407408,0.09317657407407408,0.0,0.0,0,0.0339,0.0,3279.76,0.5162878338278932,0.048527299703264096,0.0008281793328937248,0.009054500494559914,30,4,1.7475,141504.22999999998,90.33333333333333,15,False,0.18624285714285715,1.0,0.35508827226325157,14,4,0.2857142857142857,-0.012127032967032979,False,False,False
ME-00078,Patient Monitor,24475.0,The HARC Medical Centre,Nyandarua,Level 3,Medium,UsageDiscrepancy,"Usage-reporting discrepancy modeled on the 2026 national MES dialysis audit finding: machine usage counters showed materially more work performed than hospitals' paper registers recorded, by more than 30% in some cases.",0.5080888888888889,0.04761587962962963,0.1205,0.0,0.09379597222222222,0.09282106481481482,0.0,0.0,0,0.0139,0.0,6008.15,0.5066676557863501,0.04759940652818991,-1.6473101439720694e-05,-0.0014212331025388325,60,3,1.0333333333333334,11699.0,284.0,139,True,0.1282142857142857,0.299,0.13498182132388084,14,7,0.5,-0.008504175824175831,False,True,False
ME-00079,Hemodialysis,15795.0,Alupe Sub County Referral Hospital,Busia,Level 4,Medium,Normal,No injected scenario; represents routine operating condition.,0.5092041666666667,0.0952951388888889,0.2645,0.0,0.3745495370370371,0.050820601851851846,0.0,0.0,0,0.0749,0.0,9444.85,0.5047952522255194,0.09483026706231454,-0.0004648718265743562,-0.004408914441147327,90,5,2.4880000000000004,169439.16,59.0,14,False,-9.1974,1.0,33.647086636141324,14,2,0.14285714285714285,3.126650109890111,False,False,False
ME-00080,Ventilator,14321.0,Chemolingot District Hospital,Baringo,Level 4,Low,Normal,No injected scenario; represents routine operating condition.,0.5092018518518518,0.0334625,0.0949,0.0,0.09480342592592592,0.05918407407407407,0.0,0.0,0,0.0206,0.0,4569.15,0.5084896142433234,0.03404540059347181,0.0005829005934718107,-0.0007122376085284543,180,4,3.7849999999999997,88527.81999999999,62.666666666666664,88,False,-0.1370357142857143,0.4514,0.5625365309261023,14,2,0.14285714285714285,0.05319098901098906,False,False,False
ME-00081,Patient Monitor,24284.0,Latest Medical Center,Meru,Level 3,Low,Normal,No injected scenario; represents routine operating condition.,0.5078717592592592,0.048245277777777776,0.1236,0.0,0.09358518518518519,0.09442189814814815,0.0,0.0,0,0.0296,0.0,14027.11,0.508786350148368,0.04883086053412463,0.0005855827563468544,0.000914590889108835,60,4,1.2475,62181.4,62.666666666666664,102,True,0.20177857142857142,1.0,0.38294116274028195,14,5,0.35714285714285715,-0.06136417582417591,False,False,False
ME-00082,Ventilator,24929.0,Mediheal Hospital (Nakuru) Annex,Nakuru,Level 4,Low,Normal,No injected scenario; represents routine operating condition.,0.5071046296296297,0.03290217592592593,0.0813,0.0,0.0928299537037037,0.057718657407407406,0.0,0.0,0,0.0145,0.0,26332.18,0.49778338278931755,0.0323459940652819,-0.0005561818606440311,-0.009321246840312103,90,2,3.48,81835.54,296.0,174,True,-0.058235714285714286,1.0,0.5829021142355033,14,2,0.14285714285714285,0.0002758241758241909,False,False,False
ME-00083,Anesthesia,15647.0,St Joseph Hospital,Narok,Level 4,High,Normal,No injected scenario; represents routine operating condition.,0.5033550925925926,0.03634837962962963,0.0892,0.0,0.1163648611111111,0.060222222222222226,0.0,0.0,0,0.0218,0.0,18483.92,0.5000178041543026,0.03580296735905045,-0.0005454122705791861,-0.0033372884382899537,120,4,3.7350000000000003,127608.4,111.33333333333333,11,False,-0.022092857142857143,0.8351,0.33830723966033216,14,2,0.14285714285714285,-0.00011670329670328845,False,False,False
ME-00084,Hemodialysis,20383.0,Radiant Group of Hospital (Kiambu),Kiambu,Level 4,Low,Normal,No injected scenario; represents routine operating condition.,0.5091162037037037,0.0947261574074074,0.2505,0.0,0.37437328703703704,0.049184351851851854,0.0,0.0,0,0.0337,0.0,27955.45,0.5062967359050445,0.09401543026706231,-0.000710727140345091,-0.0028194677986591588,120,4,0.9550000000000001,115630.25,188.66666666666666,31,False,0.16144285714285717,1.0,0.355373936783573,14,4,0.2857142857142857,-0.043174505494505536,False,False,False
ME-00085,Ultrasound,10512.0,Kenol Hospital,Muranga,Level 4,Critical,Normal,No injected scenario; represents routine operating condition.,0.5073925925925926,0.052081805555555555,0.1379,0.0,0.11674310185185185,0.07851555555555556,0.0,0.0,0,0.0314,0.0,24205.5,0.5176023738872403,0.05304124629080119,0.0009594407352456341,0.010209781294647668,60,4,2.5374999999999996,113544.38,238.66666666666666,107,True,-0.2844785714285714,0.6079,1.0222084501995377,14,2,0.14285714285714285,0.07695934065934075,False,False,False
ME-00086,Hemodialysis,14586.0,Iten County Referral Hospital,Elgeyo Marakwet,Level 4,Critical,MaintenanceNeglect,"Maintenance-neglect-to-breakdown pattern modeled on the MES 125-hospital equipment-halt case, where machines across facilities ground to a halt due to lack of maintenance.",0.5061972222222222,0.3071776388888889,1.0,0.21828703703703703,0.6737543981481482,0.27435638888888886,0.12453703703703704,0.20972222222222223,34,0.8437,0.9989,27510.52,0.5071632047477744,0.8892074183976261,0.5820297795087372,0.0009659825255522447,180,1,5.14,14457.28,,56,False,-0.07975,0.8583,0.41869450171841377,14,1,0.07142857142857142,0.013290769230769231,True,False,True
ME-00087,Ultrasound,18832.0,Karatina Maternity & Nursing Home,Kirinyaga,Level 3,Low,Normal,No injected scenario; represents routine operating condition.,0.5102171296296296,0.05219486111111111,0.1404,0.0,0.11750592592592593,0.07858962962962963,0.0,0.0,0,0.0164,0.0,28930.88,0.5114124629080119,0.052287240356083085,9.23792449719768e-05,0.0011953332783822823,60,3,4.673333333333333,78204.03,95.5,2,False,0.1456,1.0,0.3960848452230716,14,3,0.21428571428571427,-0.038734945054945104,False,False,False
ME-00088,CT,10539.0,Kiambu County Referal Hospital,Kiambu,Level 5,Critical,Normal,No injected scenario; represents routine operating condition.,0.5101828703703704,0.05064138888888889,0.1362,0.0,0.15727541666666667,0.038923240740740744,0.0,0.0,0,0.0188,0.0,19699.41,0.4995519287833828,0.04978694362017805,-0.0008544452687108406,-0.010630941586987575,180,2,4.855,90008.86,72.0,12,False,-0.45854999999999996,0.7278,1.4961081638962213,14,3,0.21428571428571427,0.10429076923076927,False,False,False
ME-00089,CT,12867.0,Aga Khan Hospital,Nairobi,Level 5,High,Normal,No injected scenario; represents routine operating condition.,0.5086231481481481,0.05011648148148148,0.1269,0.0,0.1569015277777778,0.038607314814814817,0.0,0.0,0,0.061,0.0,17029.53,0.5158367952522255,0.049381305637982195,-0.0007351758434992819,0.0072136471040773475,60,4,3.1275,138360.1,136.66666666666666,172,True,0.11198571428571429,1.0,0.4387222949519572,14,3,0.21428571428571427,0.0006817582417582441,False,False,False
ME-00090,Anesthesia,18852.0,Lumboka Medical Services,Bungoma,Level 4,Low,UsageDiscrepancy,"Usage-reporting discrepancy modeled on the 2026 national MES dialysis audit finding: machine usage counters showed materially more work performed than hospitals' paper registers recorded, by more than 30% in some cases.",0.5077407407407407,0.03662578703703704,0.0951,0.0,0.11662097222222222,0.06081541666666666,0.0,0.0,0,0.02,0.0,24000.21,0.5072670623145401,0.03627952522255193,-0.0003462618144851118,-0.00047367842620060774,90,2,1.67,53230.91,179.0,108,True,0.23785714285714285,0.3388,0.10786454264696795,14,12,0.8571428571428571,-0.019298021978021995,False,True,False
ME-00091,MRI,15915.0,Kakamega County General Hospital,Kakamega,Level 5,Medium,Normal,No injected scenario; represents routine operating condition.,0.5021699074074074,0.05460412037037037,0.1395,0.0,0.1545751851851852,0.06811662037037038,0.0,0.0,0,0.0315,0.0,17040.54,0.5022314540059347,0.054054302670623146,-0.0005498176997472265,6.15465985273067e-05,180,5,1.764,162358.64,112.25,34,False,-0.07713571428571428,0.2982,0.22386853837135637,14,1,0.07142857142857142,0.016428351648351665,False,False,False
ME-00092,Ventilator,14379.0,Cherangany Sub County Hospital,Trans Nzoia,Level 4,Medium,Normal,No injected scenario; represents routine operating condition.,0.505911574074074,0.033233657407407406,0.083,0.0,0.09411990740740742,0.05838351851851852,0.0,0.0,0,0.0184,0.0,4072.65,0.5077566765578635,0.033079228486646885,-0.0001544289207605215,0.0018451024837894403,90,4,3.165,135763.7,110.33333333333333,-1,False,0.08379285714285714,1.0,0.29512399079887586,14,3,0.21428571428571427,0.023565054945054953,False,False,False
ME-00093,CT,13110.0,Nairobi Hospital,Nairobi,Level 5,High,MaintenanceNeglect,Maintenance-neglect-to-breakdown pattern modeled on the 2025 Kenyatta National Hospital radiotherapy machine failure that disrupted national oncology services.,0.5094342592592592,0.22124523148148148,1.0,0.20324074074074075,0.27097208333333334,0.2268558796296296,0.041666666666666664,0.14305555555555555,13,0.8274,0.9989,13114.48,0.5009910979228487,0.7336127596439169,0.5123675281624355,-0.008443161336410543,120,2,0.285,63351.69,358.0,36,False,-0.0948,0.7956,0.4502244260878721,14,1,0.07142857142857142,0.02214681318681321,True,False,True
ME-00094,Ultrasound,12459.0,Malalani Health Centre,Kitui,Level 3,High,MaintenanceNeglect,Maintenance-neglect-to-breakdown pattern modeled on the 2025 Kenyatta National Hospital radiotherapy machine failure that disrupted national oncology services.,0.5063407407407406,0.22841976851851853,1.0,0.21296296296296297,0.20857958333333335,0.27591597222222225,0.04490740740740741,0.14351851851851852,18,0.8645,0.9989,15872.5,0.5002551928783383,0.7328682492581602,0.5044484807396417,-0.006085547862402341,90,0,,,,46,False,-0.3928642857142857,1.0,1.3289940901686872,14,2,0.14285714285714285,-0.0953404395604396,True,False,True
ME-00095,MRI,10903.0,Nyeri Provincial General Hospital (PGH),Nyeri,Level 5,Medium,Normal,No injected scenario; represents routine operating condition.,0.5136425925925926,0.05559893518518518,0.1617,0.0,0.1579409722222222,0.06917467592592594,0.0,0.0,0,0.0328,0.0,11364.42,0.5196913946587537,0.056883976261127595,0.0012850410759424127,0.006048802066161096,30,3,2.9466666666666668,85282.65,116.0,51,True,-0.09420000000000002,1.0,0.9886910857679071,14,3,0.21428571428571427,0.03238593406593408,False,False,False
ME-00096,MRI,12004.0,Embu Provincial General Hospital,Embu,Level 5,High,Normal,No injected scenario; represents routine operating condition.,0.5108055555555555,0.055318287037037034,0.1441,0.0,0.15689962962962964,0.06853310185185185,0.0,0.0,0,0.031,0.0,20358.19,0.5142967359050445,0.055832344213649854,0.0005140571766128199,0.0034911803494890314,180,3,1.9633333333333336,76281.97,228.0,4,False,-0.03734285714285716,0.9911,0.7028336138740156,14,3,0.21428571428571427,0.061377142857142894,False,False,False
ME-00097,Patient Monitor,13927.0,Nyangoge Health Centre,Migori,Level 3,Low,MaintenanceNeglect,Maintenance-neglect-to-breakdown pattern modeled on the 2025 Kenyatta National Hospital radiotherapy machine failure that disrupted national oncology services.,0.5104731481481481,0.2164163425925926,1.0,0.20833333333333334,0.1662496759259259,0.2900212962962963,0.032407407407407406,0.13194444444444445,21,0.9395,0.9989,6901.53,0.5065459940652819,0.7086359050445105,0.4922195624519179,-0.003927154082866258,90,0,,,,157,True,0.016849999999999997,0.4605,0.22122827663889483,14,2,0.14285714285714285,0.013341758241758244,True,False,True
ME-00098,Anesthesia,10083.0,Central Memorial Hospital,Kiambu,Level 4,Medium,UsageDiscrepancy+MaintenanceNeglect,"Usage-reporting discrepancy modeled on the 2026 national MES dialysis audit finding: machine usage counters showed materially more work performed than hospitals' paper registers recorded, by more than 30% in some cases. Maintenance-neglect-to-breakdown pattern modeled on the 2025 Kenyatta National Hospital radiotherapy machine failure that disrupted national oncology services.",0.5043791666666667,0.1288526851851852,0.9009,0.11736111111111111,0.16545370370370371,0.16282925925925926,0.012962962962962963,0.06666666666666667,6,0.8916,0.998,19161.8,0.5054777448071217,0.5627160237388724,0.4338633385536872,0.0010985781404549977,90,2,4.24,49874.259999999995,253.0,105,True,0.22984285714285715,0.413,0.15479559084500744,14,10,0.7142857142857143,-0.011497582417582437,True,True,True
ME-00099,Anesthesia,25045.0,Mwai Kibaki Teaching and Referral Hospital,Nyeri,Level 6,Critical,Normal,No injected scenario; represents routine operating condition.,0.5062939814814815,0.036491064814814816,0.1003,0.0,0.11615407407407408,0.060239953703703705,0.0,0.0,0,0.009,0.0,10337.7,0.49898516320474773,0.03643234421364985,-5.872060116496325e-05,-0.007308818276733797,120,3,2.06,108948.51,51.0,61,False,0.015757142857142855,0.2639,0.19514888483603296,14,2,0.14285714285714285,0.006967032967032979,False,False,False
ME-00100,Ultrasound,23860.0,Dokatah Nursing Home,Kwale,Level 4,Low,Normal,No injected scenario; represents routine operating condition.,0.5116828703703703,0.052834398148148144,0.1521,0.0,0.11679935185185185,0.07977106481481482,0.0,0.0,0,0.0365,0.0,29270.22,0.514213649851632,0.05355845697329376,0.0007240588251456181,0.00253077948126168,120,4,3.4425,60940.13,90.0,19,False,-0.2720142857142857,0.4061,0.6363694039170631,14,2,0.14285714285714285,0.03507780219780224,False,False,False
ME-00101,X-Ray,23681.0,Ichuky Medical Centre,Trans Nzoia,Level 3,Medium,Normal,No injected scenario; represents routine operating condition.,0.5084787037037037,0.04607439814814815,0.117,0.0,0.13534953703703703,0.050660277777777776,0.0,0.0,0,0.0207,0.0,19920.94,0.5025252225519288,0.045684866468842726,-0.00038953167930542293,-0.005953481151774964,30,5,2.914,189186.27,95.75,48,True,-0.09691428571428572,1.0,0.5046250837650019,14,3,0.21428571428571427,0.02373142857142859,False,False,False
ME-00102,Hemodialysis,13540.0,Ekerenyo Sub-District Hospital,Nyamira,Level 4,Critical,Normal,No injected scenario; represents routine operating condition.,0.5100287037037037,0.09553032407407407,0.2638,0.0,0.37721347222222223,0.04948078703703704,0.0,0.0,0,0.0487,0.0,9161.75,0.5166498516320475,0.09783857566765579,0.0023082515935817227,0.006621147928343785,30,5,2.806,118038.23999999999,157.25,95,True,0.1532,1.0,0.5406776816039436,14,4,0.2857142857142857,-0.045541098901098934,False,False,False
ME-00103,Ventilator,12142.0,Kalacha Sub County Referral Hospital (Chalbi),Marsabit,Level 4,High,Normal,No injected scenario; represents routine operating condition.,0.5089101851851853,0.03316263888888889,0.0886,0.0,0.09442361111111111,0.057808240740740736,0.0,0.0,0,0.0366,0.0,15796.59,0.5048249258160238,0.032617804154302675,-0.0005448347345862123,-0.004085259369161487,120,3,2.69,70298.84,22.0,168,True,0.05266428571428571,1.0,0.326395945504472,14,3,0.21428571428571427,-0.014863076923076929,False,False,False
ME-00104,X-Ray,14721.0,Kapkoi Health Centre,Elgeyo Marakwet,Level 3,Low,UsageDiscrepancy,"Usage-reporting discrepancy modeled on the 2026 national MES dialysis audit finding: machine usage counters showed materially more work performed than hospitals' paper registers recorded, by more than 30% in some cases.",0.5067606481481481,0.04539782407407407,0.1215,0.0,0.13151435185185187,0.04974111111111111,0.0,0.0,0,0.0223,0.0,21372.03,0.5075103857566766,0.04407181008902077,-0.0013260139850532968,0.0007497376085284779,30,2,3.8499999999999996,39771.25,384.0,162,True,0.1349642857142857,0.4024,0.1884994332051991,14,5,0.35714285714285715,-0.029685494505494524,False,True,False
ME-00105,MRI,12867.0,Aga Khan Hospital,Nairobi,Level 5,Medium,Normal,No injected scenario; represents routine operating condition.,0.5065041666666666,0.05521453703703704,0.1373,0.0,0.15625810185185185,0.06753143518518519,0.0,0.0,0,0.0196,0.0,3692.81,0.5140563798219584,0.0565106824925816,0.001296145455544559,0.007552213155291754,60,2,0.99,35440.630000000005,440.0,103,True,-4.658014285714286,0.4135,17.08216540560346,14,1,0.07142857142857142,0.9744039560439564,False,False,False
ME-00106,Hemodialysis,12110.0,Jordan Hospital,Kitui,Level 4,Critical,Normal,No injected scenario; represents routine operating condition.,0.5051717592592593,0.0937012962962963,0.2452,0.0,0.36707569444444443,0.04991458333333333,0.0,0.0,0,0.0649,0.0,14413.36,0.5088486646884273,0.09415578635014836,0.00045449005385206354,0.003676905429167987,120,4,2.6550000000000002,117473.84,54.333333333333336,6,False,0.07351428571428573,1.0,0.48182032376769285,14,4,0.2857142857142857,0.06784175824175827,False,False,False
ME-00107,CT,15204.0,Moi Teaching Refferal Hospital,Uasin Gishu,Level 6,Low,Normal,No injected scenario; represents routine operating condition.,0.5071537037037037,0.04990657407407407,0.1324,0.0,0.15502074074074074,0.03777152777777778,0.0,0.0,0,0.0131,0.0,10289.4,0.5018783382789318,0.04891958456973294,-0.000986989504341125,-0.005275365424771916,120,2,0.78,42184.979999999996,29.0,94,False,0.05470714285714286,1.0,0.5806724344231445,14,4,0.2857142857142857,0.0025079120879120996,False,False,False
ME-00108,Ventilator,11170.0,Wangige Sub County Hospital,Kiambu,Level 4,Critical,UsageDiscrepancy,"Usage-reporting discrepancy modeled on the 2026 national MES dialysis audit finding: machine usage counters showed materially more work performed than hospitals' paper registers recorded, by more than 30% in some cases.",0.5062439814814815,0.03281578703703703,0.0861,0.0,0.09329555555555556,0.057179398148148146,0.0,0.0,0,0.0187,0.0,22705.96,0.5154896142433234,0.033561721068249256,0.000745934031212224,0.009245632761841871,60,5,2.518,166772.16,172.5,104,True,0.08597142857142857,0.2113,0.08220054677500564,14,4,0.2857142857142857,-0.004458461538461544,False,True,False
ME-00109,MRI,14947.0,Kitale County Hospital,Trans Nzoia,Level 5,Medium,UsageDiscrepancy,"Usage-reporting discrepancy modeled on the 2026 national MES dialysis audit finding: machine usage counters showed materially more work performed than hospitals' paper registers recorded, by more than 30% in some cases.",0.5056106481481482,0.05487518518518519,0.144,0.0,0.15502523148148148,0.06788101851851851,0.0,0.0,0,0.028,0.0,3355.09,0.5034688427299704,0.054153412462908015,-0.0007217727222771711,-0.002141805418177767,30,2,3.04,50184.32,65.0,8,False,0.23935,0.4537,0.18742274613619012,14,9,0.6428571428571429,0.003503516483516473,False,True,False
ME-00110,Ventilator,12799.0,St. John of God Hospital Tigania,Meru,Level 4,High,Normal,No injected scenario; represents routine operating condition.,0.5118453703703704,0.03314078703703704,0.0897,0.0,0.09399615740740741,0.05780416666666666,0.0,0.0,0,0.0181,0.0,5096.52,0.5169495548961424,0.0332727002967359,0.00013191325969886397,0.005104184525771993,120,4,1.16,100606.54000000001,145.33333333333334,12,False,-0.19854285714285716,0.3678,0.430824072097766,14,2,0.14285714285714285,0.07212967032967038,False,False,False
ME-00111,Ventilator,19280.0,St Louis Community Hospital,Nairobi,Level 4,Low,Normal,No injected scenario; represents routine operating condition.,0.5061574074074073,0.032725972222222226,0.0859,0.0,0.09341472222222222,0.058143101851851856,0.0,0.0,0,0.0241,0.0,17210.45,0.5045519287833827,0.03252611275964391,-0.0001998594625783126,-0.0016054786240246033,120,3,1.7533333333333332,71000.69,97.5,56,False,0.10959285714285714,0.8091,0.33644864384487416,14,3,0.21428571428571427,-0.01826879120879123,False,False,False
ME-00112,Ventilator,14455.0,Endebess Sub-County Hospital,Trans Nzoia,Level 4,Low,Normal,No injected scenario; represents routine operating condition.,0.512325,0.03333351851851852,0.0892,0.0,0.09416282407407409,0.05884393518518519,0.0,0.0,0,0.0077,0.0,20804.21,0.5085697329376855,0.032907715133531155,-0.0004258033849873638,-0.003755267062314549,90,3,0.5933333333333334,125370.88,108.5,175,True,0.009392857142857144,0.2493,0.09306479516391307,14,1,0.07142857142857142,-0.0017984615384615378,False,False,False
ME-00113,Hemodialysis,13365.0,Hulugho Sub County Hospital,Garissa,Level 4,Low,Normal,No injected scenario; represents routine operating condition.,0.5113962962962962,0.09596393518518519,0.2509,0.0,0.3797425,0.050282175925925925,0.0,0.0,0,0.0509,0.0,26079.61,0.5146617210682493,0.09587982195845698,-8.411322672820243e-05,0.0032654247719530183,90,2,3.455,14050.06,604.0,88,False,-0.18360714285714286,0.55,0.5708851689253288,14,3,0.21428571428571427,0.02441648351648354,False,False,False
ME-00114,Anesthesia,13831.0,Muhoroni County Hospital,Kisumu,Level 4,High,Normal,No injected scenario; represents routine operating condition.,0.5101486111111111,0.036897685185185186,0.0903,0.0,0.11738708333333332,0.06177263888888889,0.0,0.0,0,0.0266,0.0,22366.59,0.510326409495549,0.037287240356083086,0.00038955517089789976,0.0001777983844378772,120,3,3.0966666666666662,50139.71,71.0,167,True,0.0022785714285714393,1.0,0.3626774943253439,14,3,0.21428571428571427,-0.03176285714285716,False,False,False
ME-00115,Hemodialysis,13924.0,Nyangena Sub District Hospital (Manga),Nyamira,Level 4,Low,UsageDiscrepancy,"Usage-reporting discrepancy modeled on the 2026 national MES dialysis audit finding: machine usage counters showed materially more work performed than hospitals' paper registers recorded, by more than 30% in some cases.",0.5078759259259259,0.09536625,0.2596,0.0,0.3764438425925926,0.050865787037037036,0.0,0.0,0,0.0891,0.0,27702.69,0.5093115727002967,0.09301928783382789,-0.002346962166172112,0.0014356467743708023,120,2,3.1,18939.7,369.0,109,False,0.11752142857142857,0.2895,0.12395100259358954,14,7,0.5,-0.015208571428571441,False,True,False
ME-00116,CT,15204.0,Moi Teaching Refferal Hospital,Uasin Gishu,Level 6,High,Normal,No injected scenario; represents routine operating condition.,0.506675462962963,0.05007444444444444,0.1309,0.0,0.15425662037037036,0.03882328703703704,0.0,0.0,0,0.0287,0.0,29156.85,0.512540059347181,0.05096587537091988,0.0008914309264754366,0.0058645963842181015,60,2,3.1849999999999996,57017.25,116.0,137,True,0.014414285714285715,0.3116,0.13149313440482127,14,2,0.14285714285714285,-0.012505494505494512,False,False,False
ME-00117,CT,13703.0,Kisii Teaching And Referral Hospital (Level 6),Kisii,Level 5,Low,MaintenanceNeglect,Maintenance-neglect-to-breakdown pattern modeled on the 2025 Kenyatta National Hospital radiotherapy machine failure that disrupted national oncology services.,0.5100180555555555,0.1396863425925926,1.0,0.10625,0.2183462037037037,0.1331108796296296,0.02546296296296296,0.0712962962962963,7,0.7618,0.9978,27675.73,0.5161127596439169,0.5822925816023738,0.44260623900978124,0.006094704088361436,180,2,4.0,60725.36,497.0,103,False,-0.17810714285714285,0.8605,0.6182417606086147,14,1,0.07142857142857142,-0.04933296703296705,True,False,True
ME-00118,Ultrasound,24722.0,Nassi Hospitals,Busia,Level 3,Low,MaintenanceNeglect,Maintenance-neglect-to-breakdown pattern modeled on the 2025 Kenyatta National Hospital radiotherapy machine failure that disrupted national oncology services.,0.5082055555555556,0.23810490740740742,1.0,0.22569444444444445,0.21496597222222222,0.2869860648148148,0.04675925925925926,0.14629629629629629,17,0.9055,0.999,26335.64,0.5021602373887241,0.7364186943620178,0.49831378695461037,-0.006045318166831515,120,0,,,,65,False,-0.1423,0.7442,0.5821464698060895,14,3,0.21428571428571427,0.028774945054945086,True,False,True
ME-00119,Ventilator,15288.0,Nakuru Provincial General Hospital,Nakuru,Level 5,High,Normal,No injected scenario; represents routine operating condition.,0.5106824074074074,0.033209999999999996,0.0845,0.0,0.09483666666666667,0.058411111111111115,0.0,0.0,0,0.0127,0.0,2807.11,0.5215163204747775,0.03388605341246291,0.0006760534124629139,0.010833913067370027,60,5,2.0420000000000003,159488.41999999998,110.0,15,False,-0.44749285714285714,0.5903,1.2150320182323058,14,1,0.07142857142857142,0.14039494505494518,False,False,False
ME-00120,Ventilator,10782.0,Muriranjas Sub-District Hospital,Muranga,Level 4,Medium,Normal,No injected scenario; represents routine operating condition.,0.5103240740740741,0.03306013888888889,0.0831,0.0,0.09402972222222222,0.05795236111111111,0.0,0.0,0,0.0216,0.0,25941.45,0.5051602373887241,0.033305934718100894,0.00024579582921200466,-0.005163836685350032,30,4,1.9975,120912.67,74.66666666666667,111,True,0.10811428571428572,1.0,0.3481873078081413,14,2,0.14285714285714285,-0.001508571428571433,False,False,False
ME-00121,MRI,10903.0,Nyeri Provincial General Hospital (PGH),Nyeri,Level 5,Low,Normal,No injected scenario; represents routine operating condition.,0.5084606481481482,0.05527324074074074,0.1375,0.0,0.15612828703703704,0.06961203703703703,0.0,0.0,0,0.024,0.0,29868.27,0.5111364985163205,0.0558566765578635,0.0005834358171227585,0.0026758503681723056,120,5,3.972,112460.11,86.25,17,False,-0.13092857142857142,0.3937,0.3900413615711335,14,1,0.07142857142857142,0.01891956043956045,False,False,False
ME-00122,Hemodialysis,15498.0,Roret Sub-District Hospital,Kericho,Level 4,Low,UsageDiscrepancy,"Usage-reporting discrepancy modeled on the 2026 national MES dialysis audit finding: machine usage counters showed materially more work performed than hospitals' paper registers recorded, by more than 30% in some cases.",0.5102939814814814,0.09537875,0.2577,0.0,0.3765703703703704,0.05125101851851852,0.0,0.0,0,0.0987,0.0,11208.46,0.510807121661721,0.09506557863501484,-0.0003131713649851542,0.000513140180239624,180,2,2.365,72362.62,386.0,142,False,0.21259999999999998,0.3583,0.14352047830295053,14,10,0.7142857142857143,-0.013447032967032976,False,True,False
ME-00123,Hemodialysis,12289.0,Kibunga Sub-District Hospital,Tharaka Nithi,Level 4,Critical,Normal,No injected scenario; represents routine operating condition.,0.505838425925926,0.09508333333333333,0.2669,0.0,0.37447324074074073,0.05026680555555556,0.0,0.0,0,0.0656,0.0,22232.22,0.5126083086053412,0.09559436201780415,0.000511028684470824,0.006769882679415251,60,3,4.753333333333333,49444.7,196.0,85,True,-0.27280714285714286,1.0,0.9019925587824443,14,2,0.14285714285714285,0.04237824175824183,False,False,False
ME-00124,Patient Monitor,10829.0,Ndaragwa Health Centre,Nyandarua,Level 3,Critical,Normal,No injected scenario; represents routine operating condition.,0.5106018518518519,0.04718462962962963,0.1179,0.0,0.09482754629629629,0.09209842592592593,0.0,0.0,0,0.0253,0.0,9990.37,0.5061721068249259,0.046914540059347185,-0.0002700895702824474,-0.004429745026926057,120,5,3.7439999999999998,90625.57,149.5,105,False,0.20670000000000002,1.0,0.46127375986333924,14,5,0.35714285714285715,0.03904791208791211,False,False,False
ME-00125,Patient Monitor,13401.0,Malkamari Health Centre (Malkamari),Mandera,Level 3,Medium,Normal,No injected scenario; represents routine operating condition.,0.5072819444444444,0.047622962962962964,0.1121,0.0,0.09374023148148149,0.09277916666666666,0.0,0.0,0,0.0305,0.0,5769.17,0.515192878338279,0.04769703264094956,7.406967798659347e-05,0.00791093389383457,120,3,0.49,50359.520000000004,112.5,89,False,-0.38730000000000003,0.0875,0.9931820926853087,14,0,0.0,0.05843296703296703,False,False,False
ME-00126,Patient Monitor,24571.0,Maroatora Nursing Home,Migori,Level 3,High,Normal,No injected scenario; represents routine operating condition.,0.5104189814814816,0.04815347222222222,0.1225,0.0,0.09520703703703703,0.09374773148148148,0.0,0.0,0,0.037,0.0,29337.18,0.505973293768546,0.04792433234421365,-0.00022913987800857183,-0.00444568771293552,30,5,2.536,126853.51999999999,95.0,160,True,0.12553571428571428,1.0,0.377079052326295,14,2,0.14285714285714285,-0.05259054945054948,False,False,False
ME-00127,Anesthesia,10782.0,Muriranjas Sub-District Hospital,Muranga,Level 4,High,UsageDiscrepancy,"Usage-reporting discrepancy modeled on the 2026 national MES dialysis audit finding: machine usage counters showed materially more work performed than hospitals' paper registers recorded, by more than 30% in some cases.",0.5095046296296296,0.03687550925925926,0.0929,0.0,0.11728731481481482,0.061274305555555554,0.0,0.0,0,0.0359,0.0,9791.02,0.5141839762611276,0.03758813056379822,0.0007126213045389601,0.004679346631497938,30,2,4.045,80500.22,47.0,101,True,0.17695714285714287,0.4047,0.18548917328672693,14,7,0.5,-0.00531780219780221,False,True,False
ME-00128,X-Ray,21810.0,Pemah Nursing and Maternity Home,Siaya,Level 3,Critical,Normal,No injected scenario; represents routine operating condition.,0.5081365740740741,0.04542023148148148,0.1121,0.0,0.1328461574074074,0.04880902777777778,0.0,0.0,0,0.0223,0.0,29382.0,0.50586646884273,0.04523976261127597,-0.00018046887020550795,-0.0022701052313440773,60,4,3.7075,89057.86,124.66666666666667,36,False,-0.050257142857142854,0.4467,0.4006596670382593,14,1,0.07142857142857142,-0.04344087912087913,False,False,False
ME-00129,Ultrasound,22053.0,Agakhan Medical Centre-Busia,Busia,Level 3,Critical,Normal,No injected scenario; represents routine operating condition.,0.5070101851851853,0.05245717592592593,0.1473,0.0,0.11751023148148149,0.07931615740740741,0.0,0.0,0,0.0144,0.0,26016.33,0.5000356083086054,0.05157715133531157,-0.0008800245906143561,-0.006974576876579874,180,5,2.674,169781.08,69.75,61,False,-0.05238571428571427,1.0,0.5861179611610656,14,3,0.21428571428571427,-0.01906153846153846,False,False,False
ME-00130,Ultrasound,15181.0,Meteitei Sub-District Hospital,Nandi,Level 4,Critical,UsageDiscrepancy,"Usage-reporting discrepancy modeled on the 2026 national MES dialysis audit finding: machine usage counters showed materially more work performed than hospitals' paper registers recorded, by more than 30% in some cases.",0.512399074074074,0.05272032407407407,0.1359,0.0,0.11826662037037038,0.07929828703703704,0.0,0.0,0,0.0289,0.0,8842.48,0.5172878338278931,0.05331008902077151,0.0005897649466974353,0.004888759753819083,180,2,2.66,36109.99,335.0,173,False,0.13757142857142857,0.2897,0.10926876834788492,14,9,0.6428571428571429,-0.0164523076923077,False,True,False
ME-00131,Anesthesia,10162.0,Eddiana Hospital,Kiambu,Level 4,Critical,Normal,No injected scenario; represents routine operating condition.,0.5075268518518519,0.036595092592592596,0.0951,0.0,0.1161137037037037,0.06110291666666667,0.0,0.0,0,0.0067,0.0,16517.49,0.5091275964391692,0.036848367952522255,0.0002532753599296597,0.0016007445873172932,120,3,3.2533333333333334,102490.09,322.5,157,True,0.1637785714285714,1.0,0.3172592683463295,14,3,0.21428571428571427,-0.04336109890109894,False,False,False
ME-00132,Patient Monitor,17111.0,Mashambani Health Centre,Kisumu,Level 3,High,Normal,No injected scenario; represents routine operating condition.,0.5071407407407408,0.048118564814814815,0.1322,0.0,0.09333537037037037,0.09370722222222222,0.0,0.0,0,0.0114,0.0,5145.26,0.5078249258160238,0.04815934718100891,4.0782366194092035e-05,0.0006841850752830059,180,3,3.2866666666666666,83885.1,270.5,27,False,-1.0733928571428573,0.4752,3.925886805740012,14,3,0.21428571428571427,0.30216681318681327,False,False,False
ME-00133,X-Ray,14040.0,Ratta Health Centre,Kisumu,Level 3,Medium,Normal,No injected scenario; represents routine operating condition.,0.5076009259259259,0.04569629629629629,0.1232,0.0,0.13324356481481484,0.04901671296296296,0.0,0.0,0,0.0243,0.0,15989.33,0.5141928783382789,0.04681899109792285,0.0011226948016265573,0.006591952412352997,30,5,1.7719999999999998,144808.53,127.0,89,True,-0.011835714285714288,0.3727,0.16989378857275622,14,1,0.07142857142857142,0.001165494505494512,False,False,False
ME-00134,CT,13346.0,Garissa County Referral Hospital,Garissa,Level 5,High,Normal,No injected scenario; represents routine operating condition.,0.5117217592592592,0.050262777777777774,0.1317,0.0,0.156615,0.03855472222222222,0.0,0.0,0,0.0279,0.0,26636.91,0.5046706231454007,0.04969881305637982,-0.0005639647213979554,-0.007051136113858547,90,2,3.475,114254.9,191.0,102,True,0.09402142857142858,0.5635,0.1970432173547075,14,4,0.2857142857142857,0.0013351648351648318,False,False,False
ME-00135,Ventilator,11381.0,Galana Hospital,Kilifi,Level 4,Critical,Normal,No injected scenario; represents routine operating condition.,0.5091314814814815,0.03304805555555555,0.0839,0.0,0.09444736111111111,0.05726634259259259,0.0,0.0,0,0.0208,0.0,28933.03,0.5034213649851632,0.03280741839762612,-0.0002406371579294353,-0.005710116496318252,90,2,4.355,11989.9,448.0,157,True,-0.0014000000000000009,1.0,0.33987436819190436,14,1,0.07142857142857142,0.005218461538461548,False,False,False
ME-00136,Patient Monitor,22591.0,Cheptobot,Trans Nzoia,Level 3,Medium,Normal,No injected scenario; represents routine operating condition.,0.5041851851851852,0.04747884259259259,0.1229,0.0,0.09359680555555555,0.09279592592592592,0.0,0.0,0,0.0385,0.0,21250.65,0.5085548961424332,0.046452225519287835,-0.0010266170733047586,0.00436971095724803,30,5,2.856,88796.24,54.75,89,True,0.08463571428571429,1.0,0.46500436657526767,14,4,0.2857142857142857,-0.06034571428571432,False,False,False
ME-00137,Ventilator,15081.0,Lopiding Sub County Hospital,Turkana,Level 4,Low,Normal,No injected scenario; represents routine operating condition.,0.5111976851851852,0.03305412037037037,0.0782,0.0,0.09299657407407408,0.05864472222222222,0.0,0.0,0,0.0113,0.0,3999.01,0.5035994065281899,0.032359347181008906,-0.0006947731893614667,-0.00759827865699525,120,4,2.3625,148825.32,176.0,115,False,0.22449999999999998,1.0,0.43148479249429655,14,5,0.35714285714285715,-0.030653626373626407,False,False,False
ME-00138,Anesthesia,13856.0,Nightingale Medical Centre,Kisumu,Level 4,Low,MaintenanceNeglect,Maintenance-neglect-to-breakdown pattern modeled on the 2025 Kenyatta National Hospital radiotherapy machine failure that disrupted national oncology services.,0.510275,0.20596768518518518,1.0,0.19791666666666666,0.20352944444444446,0.23722435185185184,0.06712962962962964,0.12962962962962962,29,0.8323,0.9988,10831.09,0.512753709198813,0.7574623145400594,0.5514946293548743,0.0024787091988129895,30,0,,,,175,True,0.08812142857142857,0.848,0.35246835357904865,14,3,0.21428571428571427,-0.015096483516483525,True,False,True
ME-00139,CT,25045.0,Mwai Kibaki Teaching and Referral Hospital,Nyeri,Level 6,Medium,Normal,No injected scenario; represents routine operating condition.,0.5054828703703704,0.04971148148148148,0.1353,0.0,0.1552361111111111,0.03790583333333333,0.0,0.0,0,0.0309,0.0,13306.76,0.49989317507418396,0.04816587537091988,-0.0015456061105615995,-0.00558969529618647,120,4,1.8725,168334.34,212.66666666666666,118,False,-0.02635000000000001,1.0,0.4248175730647396,14,2,0.14285714285714285,0.0005852747252747222,False,False,False
ME-00140,MRI,13346.0,Garissa County Referral Hospital,Garissa,Level 5,Medium,UsageDiscrepancy,"Usage-reporting discrepancy modeled on the 2026 national MES dialysis audit finding: machine usage counters showed materially more work performed than hospitals' paper registers recorded, by more than 30% in some cases.",0.5090106481481481,0.05481513888888889,0.1364,0.0,0.15527981481481481,0.06832217592592592,0.0,0.0,0,0.0312,0.0,26995.18,0.5105697329376855,0.05383916913946587,-0.0009759697494230238,0.0015590847895373683,60,5,2.18,96093.16,164.5,76,True,0.09305714285714285,0.188,0.08541036429889717,14,6,0.42857142857142855,0.0025217582417582365,False,True,False
ME-00141,Ventilator,19237.0,Mutuati Catholic Hospital,Meru,Level 4,Medium,UsageDiscrepancy,"Usage-reporting discrepancy modeled on the 2026 national MES dialysis audit finding: machine usage counters showed materially more work performed than hospitals' paper registers recorded, by more than 30% in some cases.",0.5072009259259259,0.03261583333333333,0.0828,0.0,0.09350560185185186,0.05707587962962963,0.0,0.0,0,0.0106,0.0,8907.0,0.5090207715133531,0.03336557863501483,0.0007497453016815023,0.0018198455874272046,120,3,1.9333333333333333,83451.03,27.5,47,False,0.08892142857142857,0.2177,0.09451323211040898,14,5,0.35714285714285715,-0.0157668131868132,False,True,False
ME-00142,Ventilator,15565.0,Sigor Sub-District Hospital,Bomet,Level 4,High,MaintenanceNeglect,Maintenance-neglect-to-breakdown pattern modeled on the 2025 Kenyatta National Hospital radiotherapy machine failure that disrupted national oncology services.,0.5063555555555556,0.2452383333333333,0.9478,0.2655092592592593,0.18323083333333332,0.32155125,0.03194444444444444,0.15092592592592594,21,0.8977,0.9991,27394.6,0.5092997032640949,0.7188910979228487,0.47365276458951533,0.0029441477085393464,120,2,3.5149999999999997,67991.11,289.0,53,False,-0.026985714285714286,0.2222,0.1835826825130337,14,2,0.14285714285714285,-0.002531428571428572,True,False,True
ME-00143,Ventilator,24143.0,Tenwek Hospital Annex-Bomet,Bomet,Level 4,High,Normal,No injected scenario; represents routine operating condition.,0.5064050925925926,0.03301759259259259,0.0855,0.0,0.09231504629629629,0.058151805555555554,0.0,0.0,0,0.0147,0.0,12335.11,0.49715430267062316,0.032956379821958454,-6.121277063413783e-05,-0.009250789921969427,180,4,1.605,108529.12,201.0,64,False,-0.5679071428571428,0.8,1.565120161257858,14,3,0.21428571428571427,0.006953626373626412,False,False,False
ME-00144,Ventilator,10154.0,Vineyard Hospital,Kiambu,Level 4,Medium,MaintenanceNeglect,"Maintenance-neglect-to-breakdown pattern modeled on the MES 125-hospital equipment-halt case, where machines across facilities ground to a halt due to lack of maintenance.",0.5085986111111112,0.1964372222222222,0.9234,0.20532407407407408,0.1641790740740741,0.2582288425925926,0.023148148148148147,0.11712962962962963,14,0.8412,0.9989,28726.21,0.4933353115727003,0.6786916913946588,0.4822544691724366,-0.01526329953841088,90,1,0.56,15629.07,,150,True,-0.00037142857142856623,1.0,0.4538377131641992,14,4,0.2857142857142857,0.014948571428571434,True,False,True
ME-00145,Patient Monitor,23559.0,The Nairobi Hospital Warwick Outpatient Center,Nairobi,Level 4,High,UsageDiscrepancy,"Usage-reporting discrepancy modeled on the 2026 national MES dialysis audit finding: machine usage counters showed materially more work performed than hospitals' paper registers recorded, by more than 30% in some cases.",0.5067828703703704,0.04797504629629629,0.1182,0.0,0.09408842592592592,0.09260444444444445,0.0,0.0,0,0.0138,0.0,13514.5,0.5087922848664688,0.047399109792284864,-0.0005759365040114289,0.0020094144960983717,180,4,2.185,56586.61,169.33333333333334,71,False,0.13239285714285715,0.3333,0.1592924715217781,14,6,0.42857142857142855,-0.010988791208791223,False,True,False
ME-00146,Patient Monitor,14366.0,Cheptalal Sub-County Hospital,Bomet,Level 4,Low,Normal,No injected scenario; represents routine operating condition.,0.5070708333333332,0.04774967592592593,0.1198,0.0,0.09378657407407408,0.0944987962962963,0.0,0.0,0,0.0325,0.0,13997.37,0.5044035608308606,0.04742373887240356,-0.0003259370535223724,-0.002667272502472673,90,5,3.16,127580.22,144.75,4,False,0.06079285714285715,0.8246,0.2842218295743545,14,4,0.2857142857142857,-0.011856043956043966,False,False,False
ME-00147,Ventilator,23523.0,Bliss Medical Centre,Kirinyaga,Level 4,Medium,Normal,No injected scenario; represents routine operating condition.,0.509601388888889,0.03318337962962963,0.0857,0.0,0.09403745370370371,0.05839435185185185,0.0,0.0,0,0.0151,0.0,17312.03,0.5121958456973295,0.033398813056379824,0.00021543342675019173,0.002594456808440504,90,4,3.2175,137581.0,121.66666666666667,35,False,-0.28645,0.0219,0.871450523552542,14,0,0.0,0.04596329670329674,False,False,False
ME-00148,Ventilator,11757.0,Riflot Medical Centre,Taita Taveta,Level 4,High,Normal,No injected scenario; represents routine operating condition.,0.5052189814814815,0.03290958333333333,0.0858,0.0,0.09349574074074074,0.05722268518518518,0.0,0.0,0,0.0171,0.0,7256.38,0.5104154302670623,0.0334186943620178,0.0005091110286844711,0.005196448785580787,180,3,1.3733333333333333,84453.32,230.0,117,False,0.3093142857142857,1.0,0.4612381328173498,14,7,0.5,-0.0417191208791209,False,False,False
ME-00149,Ventilator,14511.0,Gilgil Military Regional Hospital,Nakuru,Level 4,High,UsageDiscrepancy+MaintenanceNeglect,"Usage-reporting discrepancy modeled on the 2026 national MES dialysis audit finding: machine usage counters showed materially more work performed than hospitals' paper registers recorded, by more than 30% in some cases. Maintenance-neglect-to-breakdown pattern modeled on the MES 125-hospital equipment-halt case, where machines across facilities ground to a halt due to lack of maintenance.",0.5109023148148149,0.1501287962962963,0.9278,0.14629629629629629,0.14440800925925926,0.2040789814814815,0.016666666666666666,0.08287037037037037,17,0.7847,0.9984,22208.17,0.5167626112759643,0.6212774480712165,0.47114865177492027,0.0058602964611494945,30,1,0.0,26852.1,,52,True,0.3073214285714286,0.4293,0.13414293283125814,14,12,0.8571428571428571,-0.0016802197802197882,True,True,True
ME-00150,Hemodialysis,15946.0,Kima Mission Hospital,Vihiga,Level 4,High,Normal,No injected scenario; represents routine operating condition.,0.5127717592592592,0.0953526388888889,0.2543,0.0,0.3765941203703704,0.05032518518518518,0.0,0.0,0,0.0486,0.0,3979.79,0.5129258160237389,0.09629020771513354,0.0009375688262446419,0.00015405676447965977,90,3,1.3866666666666667,109902.69,20.0,152,True,0.012492857142857139,0.4497,0.2588539756586437,14,5,0.35714285714285715,-7.692307692308353e-06,False,False,False
